"filename", "language", "Python", "Markdown", "comment", "blank", "total"
"d:\graduation\computer\Watermark\README.md", "Markdown", 0, 10, 0, 1, 11
"d:\graduation\computer\Watermark\attack_test.py", "Python", 22, 0, 3, 7, 32
"d:\graduation\computer\Watermark\attacks\__init__.py", "Python", 0, 0, 0, 1, 1
"d:\graduation\computer\Watermark\attacks\core.py", "Python", 63, 0, 18, 15, 96
"d:\graduation\computer\Watermark\attacks\implementations\__init__.py", "Python", 0, 0, 0, 1, 1
"d:\graduation\computer\Watermark\attacks\implementations\ai_attack.py", "Python", 40, 0, 24, 12, 76
"d:\graduation\computer\Watermark\attacks\implementations\geometry_attack.py", "Python", 104, 0, 25, 31, 160
"d:\graduation\computer\Watermark\attacks\implementations\pattern_estimation.py", "Python", 75, 0, 25, 26, 126
"d:\graduation\computer\Watermark\attacks\implementations\signal_attack.py", "Python", 68, 0, 34, 28, 130
"d:\graduation\computer\Watermark\attacks\implementations\test.py", "Python", 21, 0, 8, 6, 35
"d:\graduation\computer\Watermark\attacks\worker.py", "Python", 42, 0, 7, 8, 57
"d:\graduation\computer\Watermark\utils\monitor.py", "Python", 93, 0, 15, 23, 131
"d:\graduation\computer\Watermark\watermark_test.py", "Python", 45, 0, 9, 7, 61
"d:\graduation\computer\Watermark\watermarks\__init__.py", "Python", 0, 0, 0, 1, 1
"d:\graduation\computer\Watermark\watermarks\core.py", "Python", 177, 0, 50, 47, 274
"d:\graduation\computer\Watermark\watermarks\implementations\cin.py", "Python", 117, 0, 41, 36, 194
"d:\graduation\computer\Watermark\watermarks\implementations\dwt.py", "Python", 83, 0, 21, 31, 135
"d:\graduation\computer\Watermark\watermarks\implementations\dwt_svd.py", "Python", 82, 0, 18, 29, 129
"d:\graduation\computer\Watermark\watermarks\implementations\lsb.py", "Python", 79, 0, 30, 27, 136
"d:\graduation\computer\Watermark\watermarks\implementations\mbrs.py", "Python", 105, 0, 50, 32, 187
"d:\graduation\computer\Watermark\watermarks\worker.py", "Python", 48, 0, 23, 11, 82
"Total", "-", 1264, 10, 401, 380, 2055